query,truth
Is Zipcode 53073 adjacent to and west of Zipcode 53085?,yes
Is Perry County Indiana adjacent to and northeast of Zipcode 42351?,yes
Is Zipcode 44314 adjacent to and south of Zipcode 44307?,no
Is Bastrop County Texas east of Zipcode 78722?,no
Is Zipcode 72858 adjacent to and southwest of Zipcode 72802?,no
Is Nevada County California northeast of Zipcode 95903?,no
Is Zipcode 78520 adjacent to and northwest of Zipcode 78521?,no
Is Zipcode 46327 adjacent to and south of Zipcode 46320?,no
Is Zipcode 16749 adjacent to and south of Zipcode 16745?,yes
Is Zipcode 39665 east of Zipcode 39083?,no
Is Zipcode 64424 adjacent to and southeast of Zipcode 64467?,yes
Is Zipcode 16046 adjacent to and west of Zipcode 16002?,no
Is Zipcode 85396 south of Zipcode 85375?,no
Is Meade County Kentucky adjacent to and southeast of Zipcode 47142?,no
Is Grainger County Tennessee north of Zipcode 37713?,no
Is Montgomery County Pennsylvania west of Zipcode 08608?,yes
Is Wayne County Iowa adjacent to and east of Zipcode 64661?,no
Is Zipcode 41254 adjacent to and southeast of Zipcode 41232?,no
Is Zipcode 24333 east of Zipcode 24326?,yes
Is Zipcode 44333 northeast of Zipcode 44281?,yes
Is Sampson County North Carolina southeast of Zipcode 28339?,yes
Is Zipcode 94301 northeast of Zipcode 94027?,no
Is Zipcode 13757 adjacent to and northeast of Zipcode 13846?,no
Is Zipcode 92821 adjacent to and southeast of Zipcode 91748?,no
Is Garfield County Washington adjacent to and northeast of Zipcode 99328?,yes
Is Zipcode 34224 adjacent to and northwest of Zipcode 33947?,yes
Is Zipcode 38128 adjacent to and west of Zipcode 38135?,yes
Is Zipcode 06482 adjacent to and southeast of Zipcode 06470?,no
Is Zipcode 15522 south of Zipcode 16695?,no
Is Zipcode 14608 southeast of Zipcode 14615?,yes
Is Zipcode 90250 adjacent to and west of Zipcode 90047?,no
Is Zipcode 57572 northwest of Zipcode 69201?,yes
Is The State of Nevada adjacent to and east of Zipcode 96104?,no
Is Zipcode 67468 southwest of Zipcode 66962?,yes
Is Zipcode 35443 south of Zipcode 35469?,no
Is Zipcode 12168 east of Zipcode 12195?,no
Is Zipcode 51345 adjacent to and north of Zipcode 51338?,no
Is Zipcode 59446 adjacent to and southeast of Zipcode 59442?,yes
Is Zipcode 28513 adjacent to and southeast of Zipcode 27828?,yes
Is Zipcode 19363 adjacent to and east of Zipcode 17566?,no
Is Cowlitz County Washington east of Zipcode 98643?,yes
Is Zipcode 37083 south of Zipcode 42167?,no
Is Zipcode 77664 adjacent to and northwest of Zipcode 77616?,no
Is Lyon County Kansas adjacent to and southwest of Zipcode 66856?,no
Is San Mateo County California southwest of Zipcode 94566?,yes
Is Zipcode 52535 adjacent to and southwest of Zipcode 52556?,no
Is Zipcode 92595 adjacent to and southeast of Zipcode 92532?,yes
Is Zipcode 95464 north of Zipcode 95453?,no
Is Chesterfield County South Carolina northeast of Zipcode 29130?,yes
Is Zipcode 95060 adjacent to and west of Zipcode 95065?,yes
Is Hunterdon County New Jersey southwest of Zipcode 08807?,no
Is Dakota County Nebraska adjacent to and south of Zipcode 57038?,yes
Is Monroe County Arkansas adjacent to and north of Zipcode 72140?,yes
Is Zipcode 38828 adjacent to and northeast of Zipcode 38863?,yes
Is Zipcode 28806 northwest of Zipcode 28805?,no
Is Kusilvak Census Area Alaska southwest of Zipcode 99590?,no
Is Merrimack County New Hampshire east of The State of New York?,yes
Is Clinton County Pennsylvania southwest of Zipcode 17776?,yes
Is Zipcode 17878 northwest of Zipcode 18603?,yes
Is Dubois County Indiana east of Zipcode 47637?,no
Is Zipcode 02659 adjacent to and northeast of Zipcode 02646?,no
Is Grant County South Dakota adjacent to and west of Lac qui Parle County Minnesota?,yes
Is Zipcode 78055 adjacent to and north of Zipcode 78003?,no
Is Zipcode 63755 adjacent to and west of Zipcode 62998?,yes
Is Gila County Arizona east of Zipcode 85120?,no
Is The State of Missouri adjacent to and southeast of Zipcode 66767?,no
Is Grainger County Tennessee adjacent to and southwest of Zipcode 37814?,no
Is Zipcode 72453 adjacent to and northwest of Zipcode 72450?,yes
Is Zipcode 97209 adjacent to and southeast of Zipcode 97210?,no
Is Zipcode 54840 adjacent to and west of Zipcode 54893?,yes
Is Jefferson County Ohio northwest of Zipcode 15323?,yes
Is Lowndes County Mississippi southeast of Zipcode 39756?,yes
Is Windsor County Vermont adjacent to and northwest of Zipcode 03603?,yes
Is Crawford County Michigan adjacent to and southwest of Zipcode 48636?,no
Is Zipcode 39213 adjacent to and northeast of Zipcode 39209?,no
Is Zipcode 53218 adjacent to and west of Zipcode 53209?,yes
Is Zipcode 55428 adjacent to and northeast of Zipcode 55441?,yes
Is Big Stone County Minnesota southeast of Zipcode 57257?,no
Is Zipcode 81435 adjacent to and east of Zipcode 81430?,no
Is Zipcode 45036 adjacent to and east of Zipcode 45044?,yes
Is Zipcode 30824 adjacent to and northwest of Zipcode 30823?,no
Is Zipcode 99169 adjacent to and north of Zipcode 99105?,no
Is Zipcode 05902 adjacent to and southwest of Zipcode 03592?,yes
Is Saint Francois County Missouri east of Zipcode 63030?,no
Is Jackson County Georgia northeast of Walton County Georgia?,yes
Is Zipcode 79316 adjacent to and east of Zipcode 79359?,no
Is Zipcode 59485 adjacent to and southeast of Zipcode 59483?,no
Is Saint Martin Parish Louisiana north of Zipcode 70528?,no
Is Zipcode 33810 adjacent to and south of Zipcode 33849?,no
Is Zipcode 12424 adjacent to and southeast of Zipcode 12439?,yes
Is The State of Massachusetts east of Zipcode 06001?,yes
Is Zipcode 20166 adjacent to and west of Zipcode 20165?,no
Is Zipcode 15557 adjacent to and west of Zipcode 15552?,no
Is Ward County Texas northwest of Zipcode 79730?,no
Is Zipcode 30506 adjacent to and northwest of Zipcode 30504?,no
Is Sullivan County New York northwest of Zipcode 10919?,yes
Is Zipcode 95822 adjacent to and northwest of Zipcode 95824?,no
Is Zipcode 81120 adjacent to and south of Zipcode 81154?,no
Is Zipcode 90058 adjacent to and northeast of Zipcode 90001?,yes
Is Zipcode 54103 adjacent to and west of Zipcode 54125?,yes
Is Zipcode 98045 adjacent to and east of Zipcode 98038?,yes
Is Zipcode 38828 adjacent to and west of Zipcode 38866?,yes
Is Zipcode 73743 southwest of Zipcode 73753?,no
Is Jefferson Davis Parish Louisiana east of Zipcode 70607?,no
Is Zipcode 35023 west of Zipcode 35005?,no
Is Zipcode 29056 south of Zipcode 29560?,no
Is Zipcode 71103 adjacent to and northwest of Zipcode 71104?,no
Is Zipcode 28624 adjacent to and east of Zipcode 28645?,no
Is Zipcode 42376 adjacent to and southeast of Zipcode 42301?,yes
Is Zipcode 12767 adjacent to and southwest of Zipcode 12776?,yes
Is Zipcode 22572 adjacent to and northwest of Zipcode 22460?,yes
Is Zipcode 08097 adjacent to and west of Zipcode 08096?,no
Is Lincoln County West Virginia adjacent to and southwest of Zipcode 25309?,yes
Is Marquette County Wisconsin east of The State of Minnesota?,no
Is Zipcode 76437 southwest of Zipcode 76429?,yes
Is Zipcode 16860 adjacent to and north of Zipcode 16840?,no
Is Zipcode 62526 adjacent to and south of Zipcode 62535?,no
Is Zipcode 56578 adjacent to and southeast of Zipcode 56521?,no
Is Zipcode 00638 adjacent to and south of Zipcode 00674?,yes
Is Nelson County Kentucky adjacent to and east of Zipcode 40150?,yes
Is Kiowa County Colorado adjacent to and north of Otero County Colorado?,no
Is Zipcode 06076 adjacent to and northeast of Zipcode 06279?,no
Is Hillsborough County Florida southeast of Zipcode 34652?,yes
Is Zipcode 50049 northeast of Zipcode 50123?,yes
Is Los Angeles County California north of Zipcode 92882?,no
Is Zipcode 32640 southeast of Zipcode 32044?,no
Is Zipcode 07666 east of Zipcode 07652?,no
Is Zipcode 37757 adjacent to and north of Zipcode 37769?,yes
Is Zipcode 59301 adjacent to and southeast of Zipcode 59338?,no
Is Montgomery County Maryland adjacent to and north of Zipcode 20015?,no
Is Zipcode 36003 north of Zipcode 36785?,no
Is Saint Clair County Illinois adjacent to and northeast of Zipcode 63111?,no
Is Zipcode 71028 adjacent to and east of Zipcode 71024?,yes
Is Zipcode 50250 adjacent to and south of Zipcode 50233?,no
Is Zipcode 74469 adjacent to and north of Zipcode 74455?,yes
Is Zipcode 13825 adjacent to and northeast of Zipcode 13776?,no
Is Mingo County West Virginia southwest of Boone County West Virginia?,yes
Is Zipcode 57501 south of Zipcode 57455?,no
Is Zipcode 58653 adjacent to and north of Zipcode 57755?,no
Is Zipcode 99204 adjacent to and south of Zipcode 99201?,no
Is Herkimer County New York north of Zipcode 12032?,no
Is Zipcode 98351 adjacent to and northwest of Zipcode 98303?,yes
Is Zipcode 43616 east of Zipcode 43608?,yes
Is Zipcode 59061 adjacent to and southwest of Zipcode 59069?,yes
Is Zipcode 92618 northwest of Zipcode 92692?,yes
Is Zipcode 54435 adjacent to and southwest of Zipcode 54463?,yes
Is Zipcode 65081 adjacent to and west of Zipcode 65050?,no
Is Fulton County Georgia adjacent to and southeast of Zipcode 30126?,no
Is Zipcode 95946 adjacent to and south of Zipcode 95959?,no
Is Zipcode 67491 adjacent to and northwest of Zipcode 67546?,yes
Is Zipcode 57257 adjacent to and northeast of Zipcode 57266?,no
Is Zipcode 95472 adjacent to and southeast of Zipcode 95444?,no
Is Zipcode 07104 adjacent to and northeast of Zipcode 07103?,yes
Is Zipcode 30183 adjacent to and southwest of Zipcode 30143?,yes
Is Zipcode 62960 adjacent to and southwest of Zipcode 62938?,yes
Is Alamance County North Carolina adjacent to and northwest of Zipcode 27243?,no
Is Zipcode 78577 adjacent to and south of Zipcode 78589?,no
Is Westmoreland County Pennsylvania southeast of Zipcode 15055?,no
Is Union County Tennessee northwest of Zipcode 37871?,yes
Is Winston County Alabama adjacent to and southwest of Zipcode 35650?,no
Is Zipcode 68419 adjacent to and north of Zipcode 68301?,yes
Is Cullman County Alabama west of Zipcode 35951?,yes
Is Warren County Tennessee south of Zipcode 38579?,no
Is Zipcode 71854 adjacent to and north of Zipcode 71834?,yes
Is Zipcode 63827 adjacent to and east of Zipcode 63852?,no
Is Henry County Tennessee east of Zipcode 38226?,yes
Is Zipcode 35540 west of Zipcode 35098?,no
Is Zipcode 97402 west of Zipcode 97408?,no
Is Rock Island County Illinois adjacent to and south of Zipcode 52768?,no
Is Phillips County Colorado adjacent to and south of Zipcode 69168?,no
Is Zipcode 06856 northwest of Zipcode 06854?,no
Is Clare County Michigan north of Zipcode 48878?,yes
Is Zipcode 13678 adjacent to and west of Zipcode 13662?,no
Is Saint Joseph County Michigan adjacent to and northeast of Cass County Michigan?,no
Is Zipcode 52354 adjacent to and northwest of Zipcode 52318?,no
Is Zipcode 51063 adjacent to and southeast of Zipcode 68039?,no
Is Sandusky County Ohio northwest of Zipcode 44828?,yes
Is Zipcode 31020 adjacent to and northeast of Zipcode 31005?,yes
Is Bowie County Texas adjacent to and southeast of Zipcode 74740?,yes
Is Ventura County California adjacent to and northwest of Zipcode 91302?,yes
Is Zipcode 90210 adjacent to and west of Zipcode 90069?,yes
Is Watonwan County Minnesota east of Zipcode 56137?,yes
Is Lawrence County Pennsylvania northeast of Zipcode 44490?,no
Is Zipcode 24230 adjacent to and south of Zipcode 24269?,no
Is Zipcode 20520 east of Zipcode 20566?,yes
Is Zipcode 21557 adjacent to and north of Zipcode 26726?,no
Is Zipcode 51061 adjacent to and southwest of Zipcode 51049?,yes
Is Zipcode 92625 west of Zipcode 92651?,no
Is Zipcode 22657 adjacent to and northwest of Zipcode 22630?,no
Is Zipcode 52534 adjacent to and southwest of Zipcode 52577?,no
Is Zipcode 74114 adjacent to and east of Zipcode 74105?,no
Is Zipcode 72560 adjacent to and south of Zipcode 72519?,yes
Is Zipcode 11020 northwest of Zipcode 11040?,yes
Is LaSalle Parish Louisiana northeast of Zipcode 71409?,yes
Is Zipcode 59260 adjacent to and northeast of Zipcode 59244?,yes
Is Zipcode 54454 adjacent to and east of Zipcode 54412?,no
Is Zipcode 90717 south of Zipcode 90502?,no
Is Zipcode 52315 adjacent to and southwest of Zipcode 52206?,no
Is Zipcode 52218 adjacent to and north of Zipcode 52219?,no
Is Zipcode 32040 adjacent to and northeast of Zipcode 32072?,no
Is Zipcode 33647 adjacent to and north of Zipcode 33613?,no
Is Zipcode 26180 adjacent to and east of Zipcode 26142?,yes
Is Zipcode 14220 south of Zipcode 14206?,yes
Is The State of Idaho adjacent to and south of Zipcode 99153?,no
Is Zipcode 89166 adjacent to and northwest of Zipcode 89143?,no
Is The State of Kentucky east of Zipcode 62990?,yes
Is Zipcode 02860 adjacent to and southeast of Zipcode 02865?,yes
Is Zipcode 67864 adjacent to and west of Zipcode 67840?,yes
Is Merced County California adjacent to and southwest of Zipcode 95329?,yes
Is Zipcode 46365 adjacent to and north of Zipcode 46574?,yes
Is Zipcode 56071 adjacent to and east of Zipcode 56011?,yes
Is Zipcode 85940 adjacent to and southwest of Zipcode 85924?,no
Is Columbia County Pennsylvania adjacent to and northwest of Zipcode 17935?,yes
Is Zipcode 54113 south of Zipcode 54913?,no
Is Zipcode 16662 adjacent to and east of Zipcode 16631?,no
Is Jefferson County Georgia adjacent to and north of Emanuel County Georgia?,yes
Is Zipcode 66738 northeast of Zipcode 66769?,yes
Is Zipcode 47611 adjacent to and southeast of Zipcode 47601?,no
Is Van Wert County Ohio adjacent to and southwest of Zipcode 45827?,yes
Is Zipcode 40008 adjacent to and southwest of Zipcode 40342?,no
Is Zipcode 00966 adjacent to and north of Zipcode 00959?,no
Is Zipcode 55441 adjacent to and north of Zipcode 55426?,no
Is Zipcode 75831 adjacent to and south of Zipcode 75840?,yes
Is Zipcode 75422 adjacent to and northeast of Zipcode 75453?,no
Is Zipcode 32034 adjacent to and south of Zipcode 31558?,yes
Is Zipcode 38759 adjacent to and north of Zipcode 38771?,no
Is Charles County Maryland west of Zipcode 20609?,no
Is Zipcode 55974 adjacent to and southwest of Zipcode 55921?,no
Is Zipcode 29565 south of Zipcode 28383?,no
Is The State of Michigan north of Zipcode 53925?,no
Is Zipcode 52641 south of Zipcode 52353?,yes
Is Zipcode 71646 northeast of Zipcode 71260?,yes
Is Okeechobee County Florida adjacent to and west of Zipcode 34945?,yes
Is Otter Tail County Minnesota adjacent to and south of Zipcode 56549?,no
Is Zipcode 26508 adjacent to and southeast of Zipcode 15474?,no
Is Zipcode 48096 adjacent to and south of Zipcode 48065?,no
Is Zipcode 70816 northeast of Zipcode 70836?,yes
Is Zipcode 36316 adjacent to and southwest of Zipcode 36330?,no
Is Hampton city Virginia north of Zipcode 23505?,yes
Is Zipcode 33884 northwest of Zipcode 33853?,yes
Is The State of Missouri east of Zipcode 74365?,no
Is Marion County Tennessee southwest of Zipcode 37379?,no
Is Zipcode 35064 northeast of Zipcode 35020?,yes
Is Zipcode 43614 adjacent to and northeast of Zipcode 43537?,yes
Is Zipcode 57441 adjacent to and west of Zipcode 57449?,yes
Is Zipcode 95503 adjacent to and west of Zipcode 95549?,yes
Is Zipcode 98570 adjacent to and north of Zipcode 98542?,no
Is Zipcode 78384 adjacent to and north of Zipcode 78341?,no
Is Franklin County Idaho adjacent to and northwest of Cache County Utah?,no
Is Orocovis Municipio Puerto Rico east of Lares Municipio Puerto Rico?,yes
Is Zipcode 61722 adjacent to and west of Zipcode 61724?,no
Is Zipcode 71857 west of Zipcode 71772?,yes
Is Kings County California adjacent to and west of Zipcode 93274?,yes
Is The State of Nebraska northwest of Zipcode 51536?,no
Is Zipcode 17015 adjacent to and southwest of Zipcode 17013?,yes
Is Zipcode 14572 adjacent to and east of Zipcode 14437?,yes
Is Zipcode 08406 adjacent to and southeast of Zipcode 08232?,yes
Is Zipcode 15546 adjacent to and northwest of Zipcode 15563?,no
Is Twin Falls County Idaho adjacent to and east of Owyhee County Idaho?,yes
Is Zipcode 15022 northeast of Zipcode 15427?,yes
Is Baca County Colorado adjacent to and east of Union County New Mexico?,no
Is Zipcode 79930 northwest of Zipcode 79905?,yes
Is Zipcode 00780 adjacent to and east of Zipcode 00730?,no
Is Zipcode 16063 adjacent to and southwest of Zipcode 16037?,no
Is Zipcode 41572 adjacent to and northeast of Zipcode 41835?,no
Is Massac County Illinois west of Zipcode 42028?,yes
Is Zipcode 75803 adjacent to and southeast of Zipcode 75853?,yes
Is Harlan County Kentucky adjacent to and northwest of Zipcode 24216?,no
Is Zipcode 79745 west of Zipcode 79741?,yes
Is Zipcode 65020 southwest of Zipcode 65049?,yes
Is Kitsap County Washington east of Zipcode 98524?,no
Is Zipcode 14606 adjacent to and northwest of Zipcode 14613?,no
Is Zipcode 22305 adjacent to and northeast of Zipcode 22206?,no
Is Cherokee County North Carolina adjacent to and east of Fannin County Georgia?,no
Is Zipcode 75662 adjacent to and east of Zipcode 75705?,yes
Is Zipcode 30259 south of Zipcode 30289?,no
Is Zipcode 75943 adjacent to and northwest of Zipcode 75964?,no
Is Zipcode 12025 adjacent to and northwest of Zipcode 12074?,no
Is Hot Springs County Wyoming adjacent to and east of Zipcode 82433?,no
Is Zipcode 70427 adjacent to and northwest of Zipcode 70463?,no
Is Trinity County Texas adjacent to and northwest of Zipcode 77351?,yes
Is Zipcode 01360 adjacent to and west of Zipcode 03470?,no
Is Zipcode 37128 adjacent to and west of Zipcode 37127?,yes
Is Zipcode 04654 northeast of Zipcode 04658?,yes
Is Nassau County New York west of Zipcode 11704?,yes
Is Middlesex County Virginia northwest of Zipcode 23398?,no
Is Washington County Utah adjacent to and west of Zipcode 86022?,no
Is Whitman County Washington adjacent to and northwest of Asotin County Washington?,yes
Is Zipcode 41265 adjacent to and north of Zipcode 41653?,no
Is Zipcode 06820 southwest of Zipcode 06856?,yes
Is District of Columbia District of Columbia southwest of Zipcode 20903?,no
Is Zipcode 57301 adjacent to and southwest of Zipcode 57311?,no
Is Zipcode 01060 adjacent to and west of Zipcode 01035?,no
Is Zipcode 00693 adjacent to and northwest of Zipcode 00687?,no
Is Zipcode 31405 adjacent to and northwest of Zipcode 31406?,yes
Is Zipcode 74650 southwest of Zipcode 74056?,yes
Is Zipcode 75124 adjacent to and southeast of Zipcode 75147?,yes
Is Zipcode 35756 adjacent to and northwest of Zipcode 35670?,yes
Is Zipcode 80205 adjacent to and southeast of Zipcode 80216?,no
Is Zipcode 54014 adjacent to and west of Zipcode 54011?,no
Is Zipcode 25868 adjacent to and southeast of Zipcode 25854?,no
Is Zipcode 44841 adjacent to and northwest of Zipcode 44883?,yes
Is Zipcode 60929 adjacent to and east of Zipcode 60934?,no
Is Zipcode 85614 adjacent to and northeast of Zipcode 85622?,no
Is Zipcode 85140 south of Zipcode 85119?,yes
Is Marion County Indiana adjacent to and northwest of Hancock County Indiana?,no
Is Warren County Ohio west of Zipcode 45307?,yes
Is Zipcode 45406 adjacent to and north of Zipcode 45417?,no
Is Clinton County Illinois northwest of Zipcode 62877?,yes
Is Zipcode 31094 adjacent to and southwest of Zipcode 30803?,no
Is Zipcode 11795 adjacent to and east of Zipcode 11704?,yes
Is Zipcode 38464 adjacent to and south of Zipcode 38462?,no
Is Zipcode 98612 adjacent to and northeast of Zipcode 97016?,no
Is Zipcode 27818 adjacent to and southeast of Zipcode 23851?,no
Is Zipcode 78758 adjacent to and east of Zipcode 78757?,no
Is Zipcode 50468 adjacent to and southwest of Zipcode 50435?,yes
Is Zipcode 90293 adjacent to and southeast of Zipcode 90292?,no
Is Hartford County Connecticut southwest of Worcester County Massachusetts?,yes
Is Kanawha County West Virginia north of Zipcode 25051?,no
Is Zipcode 34287 adjacent to and southeast of Zipcode 34292?,yes
Is Zipcode 30032 southeast of Zipcode 30307?,yes
Is Hart County Georgia adjacent to and southwest of Zipcode 29689?,yes
Is Zipcode 30168 northeast of Zipcode 30134?,no
Is Zipcode 61279 northwest of Zipcode 61263?,yes
Is Yazoo County Mississippi adjacent to and southeast of Sharkey County Mississippi?,no
Is Freestone County Texas north of Zipcode 76653?,no
Is Newport County Rhode Island southeast of New London County Connecticut?,no
Is Yell County Arkansas adjacent to and south of Zipcode 72858?,no
Is Angelina County Texas adjacent to and southeast of Cherokee County Texas?,yes
Is Zipcode 15234 northeast of Zipcode 15241?,yes
Is The State of Texas southwest of Zipcode 74560?,yes
Is Zipcode 47959 adjacent to and northwest of Zipcode 47960?,yes
Is Zipcode 28646 adjacent to and west of Zipcode 28605?,yes
Is Zipcode 48890 adjacent to and east of Zipcode 48849?,yes
Is Winona County Minnesota adjacent to and northeast of Olmsted County Minnesota?,no
Is Gogebic County Michigan west of Zipcode 49960?,yes
Is Chaves County New Mexico adjacent to and east of Zipcode 88317?,yes
Is Leslie County Kentucky northwest of Zipcode 40847?,yes
Is Zipcode 99009 adjacent to and northwest of Zipcode 99003?,no
Is Zipcode 97753 adjacent to and northwest of Zipcode 97754?,no
Is Schuyler County New York west of Zipcode 13092?,no
Is Iowa County Wisconsin southeast of Zipcode 53813?,no
Is Zipcode 61760 northwest of Zipcode 61744?,yes
Is Dearborn County Indiana adjacent to and north of Zipcode 41080?,no
Is Zipcode 90755 adjacent to and northeast of Zipcode 90806?,no
Is Shelby County Ohio east of Zipcode 45362?,yes
Is Dutchess County New York east of Zipcode 12429?,yes
Is Zipcode 54861 northwest of Zipcode 54559?,yes
Is Zipcode 50249 adjacent to and south of Zipcode 50557?,no
Is Wexford County Michigan adjacent to and west of Zipcode 49657?,yes
Is Zipcode 98946 adjacent to and southwest of Zipcode 98926?,no
Is Zipcode 99516 west of Zipcode 99693?,yes
Is Zipcode 76569 southeast of Zipcode 76502?,yes
Is Zipcode 14505 adjacent to and southeast of Zipcode 14568?,no
Is Zipcode 65459 south of Zipcode 65013?,no
Is Zipcode 08610 adjacent to and southwest of Zipcode 08690?,yes
Is Franklin County Pennsylvania adjacent to and northwest of Adams County Pennsylvania?,no
Is Polk County Nebraska adjacent to and west of Seward County Nebraska?,no
Is Randolph County Arkansas northeast of Zipcode 72458?,yes
Is Zipcode 85533 adjacent to and northwest of Zipcode 88039?,no
Is Columbia County New York adjacent to and west of Zipcode 01230?,yes
Is San Juan County New Mexico adjacent to and south of Zipcode 81326?,yes
Is Zipcode 95140 southwest of Zipcode 95360?,no
Is Zipcode 92586 adjacent to and southwest of Zipcode 92585?,yes
Is Zipcode 78616 adjacent to and southwest of Zipcode 78953?,no
Is Zipcode 46721 adjacent to and east of Zipcode 46793?,yes
Is Zipcode 22932 south of Zipcode 22935?,no
Is The State of Minnesota adjacent to and northeast of Zipcode 51241?,yes
Is Elmore County Alabama adjacent to and northwest of Macon County Alabama?,yes
Is Zipcode 30222 northwest of Zipcode 31816?,yes
Is Zipcode 95960 southwest of Zipcode 95986?,no
Is Zipcode 61866 adjacent to and south of Zipcode 60957?,yes
Is Zipcode 66512 adjacent to and northeast of Zipcode 66617?,yes
Is Zipcode 31565 adjacent to and northwest of Zipcode 31558?,yes
Is Lawrence County South Dakota north of Zipcode 57703?,no
Is Polk County Florida southeast of Zipcode 33584?,no
Is The State of Maryland adjacent to and north of The State of Virginia?,no
Is Zipcode 93202 adjacent to and northeast of Zipcode 93245?,no
Is Zipcode 41004 adjacent to and northeast of Zipcode 41031?,yes
Is Zipcode 53402 adjacent to and north of Zipcode 53406?,no
Is Zipcode 15239 adjacent to and east of Zipcode 15147?,yes
Is Okmulgee County Oklahoma adjacent to and northeast of Okfuskee County Oklahoma?,yes
Is Zipcode 13026 adjacent to and southwest of Zipcode 13147?,no
Is Zipcode 90021 southeast of Zipcode 90089?,no
Is Zipcode 80305 adjacent to and north of Zipcode 80025?,no
Is The State of New York northwest of Zipcode 06066?,no
Is Zipcode 73027 adjacent to and west of Zipcode 74059?,yes
Is Greene County New York southeast of Zipcode 12147?,no
Is Zipcode 54001 adjacent to and northwest of Zipcode 54005?,yes
Is Zipcode 08054 adjacent to and west of Zipcode 08055?,no
Is Mora County New Mexico adjacent to and northwest of Zipcode 87701?,no
Is Trinity County Texas adjacent to and southwest of Zipcode 75939?,no
Is Des Moines County Iowa northeast of Zipcode 62330?,no
Is Zipcode 33637 adjacent to and northwest of Zipcode 33584?,yes
Is Zipcode 07043 adjacent to and east of Zipcode 07042?,no
Is Zipcode 64779 adjacent to and northwest of Zipcode 64783?,no
Is Zipcode 54896 adjacent to and northwest of Zipcode 54552?,no
Is Kershaw County South Carolina north of Zipcode 29046?,no
Is Zipcode 90032 adjacent to and northwest of Zipcode 91803?,no
Is Zipcode 52573 adjacent to and southwest of Zipcode 52620?,yes
Is Zipcode 40070 west of Zipcode 40019?,no
Is Zipcode 70441 adjacent to and north of Zipcode 70422?,no
Is Río Grande Municipio Puerto Rico northeast of Guaynabo Municipio Puerto Rico?,no
Is Union County Mississippi east of Zipcode 38685?,yes
Is Morgan County Kentucky southwest of Zipcode 41164?,no
Is Klamath County Oregon adjacent to and northwest of The State of California?,no
Is Nassau County New York east of Zipcode 11220?,yes
Is Loudoun County Virginia north of Zipcode 22030?,no
Is Zipcode 96104 southeast of Zipcode 96108?,yes
Is Zipcode 18938 adjacent to and north of Zipcode 18912?,no
Is Zipcode 67738 adjacent to and south of Zipcode 67740?,no
Is Zipcode 83702 adjacent to and south of Zipcode 83714?,no
Is Zipcode 00624 adjacent to and west of Zipcode 00731?,yes
Is Zipcode 36569 adjacent to and northwest of Zipcode 36585?,no
Is Saint Joseph County Michigan adjacent to and north of Zipcode 46565?,yes
Is Dearborn County Indiana adjacent to and southwest of Zipcode 45053?,yes
Is Montgomery County Maryland adjacent to and northwest of District of Columbia District of Columbia?,yes
Is West Baton Rouge Parish Louisiana west of Zipcode 70706?,yes
Is Zipcode 55707 adjacent to and east of Zipcode 55757?,yes
Is Zipcode 80449 adjacent to and north of Zipcode 81201?,no
Is Zipcode 94505 adjacent to and southwest of Zipcode 95206?,no
Is Breckinridge County Kentucky northwest of Zipcode 42726?,yes
Is Zipcode 74647 south of Zipcode 67140?,no
Is Zipcode 70085 northeast of Zipcode 70040?,yes
Is Anoka County Minnesota adjacent to and east of Sherburne County Minnesota?,yes
Is Mecosta County Michigan adjacent to and southwest of Zipcode 48632?,yes
Is Zipcode 34104 adjacent to and east of Zipcode 34102?,yes
Is Zipcode 39897 northeast of Zipcode 39815?,yes
Is Zipcode 78613 southwest of Zipcode 78628?,yes
Is Zipcode 48073 adjacent to and west of Zipcode 48071?,yes
Is Zipcode 24817 east of Zipcode 24614?,yes
Is Zipcode 19056 north of Zipcode 08016?,no
Is Zipcode 22556 adjacent to and north of Zipcode 22406?,no
Is Zipcode 67041 adjacent to and southeast of Zipcode 67114?,no
Is Zipcode 26408 adjacent to and south of Zipcode 26330?,no
Is Zipcode 30504 southeast of Zipcode 30534?,yes
Is Knox County Tennessee east of Morgan County Tennessee?,yes
Is New Castle County Delaware west of Zipcode 08097?,no
Is Zipcode 13365 southeast of Zipcode 13438?,yes
Is Zipcode 37060 adjacent to and northwest of Zipcode 37153?,no
Is Zipcode 33772 east of Zipcode 33774?,no
Is Zipcode 75134 southwest of Zipcode 75217?,yes
Is Duval County Florida adjacent to and west of Zipcode 32081?,no
Is Zipcode 31309 adjacent to and west of Zipcode 31320?,no
Is Fairfax County Virginia west of Zipcode 20319?,yes
Is Mills County Iowa adjacent to and north of Fremont County Iowa?,yes
Is Zipcode 35501 adjacent to and southeast of Zipcode 35578?,yes
Is Falls County Texas adjacent to and northwest of Robertson County Texas?,yes
Is Zipcode 37208 adjacent to and southwest of Zipcode 37207?,yes
Is Boone County Kentucky southwest of Zipcode 45207?,yes
Is Zipcode 50532 adjacent to and southeast of Zipcode 50501?,no
Is Zipcode 18434 adjacent to and east of Zipcode 18452?,no
Is Zipcode 15658 adjacent to and west of Zipcode 15655?,no
Is Zipcode 28103 south of Zipcode 28128?,no
Is The State of Nevada northwest of Zipcode 92389?,no
Is The State of Missouri northwest of Zipcode 72416?,yes
Is Zipcode 23669 adjacent to and south of Zipcode 23665?,no
Is Zipcode 24315 adjacent to and west of Zipcode 24134?,yes
Is Miller County Arkansas west of Zipcode 71860?,yes
Is Burnett County Wisconsin adjacent to and southeast of Zipcode 55069?,no
Is Bertie County North Carolina northeast of Zipcode 27834?,yes
Is Zipcode 51061 adjacent to and southeast of Zipcode 51048?,no
Is Schoolcraft County Michigan adjacent to and west of Zipcode 49853?,no
Is Saint Francois County Missouri southeast of Zipcode 63080?,yes
Is Zipcode 51557 east of Zipcode 68008?,no
Is Zipcode 81144 adjacent to and west of Zipcode 81146?,yes
Is Zipcode 95374 southeast of Zipcode 95313?,yes
Is Zipcode 74558 northwest of Zipcode 74722?,yes
Is The State of Indiana adjacent to and northwest of Zipcode 41095?,yes
Is Zipcode 13684 southeast of Zipcode 13630?,yes
Is Zipcode 37127 adjacent to and east of Zipcode 37128?,yes
Is Zipcode 93222 adjacent to and north of Zipcode 93252?,yes
Is De Soto Parish Louisiana west of Zipcode 71008?,yes
Is Jefferson County Washington west of Zipcode 98249?,yes
Is Zipcode 01129 east of Zipcode 01108?,no
Is Zipcode 34481 adjacent to and northwest of Zipcode 34473?,yes
Is Wilson County Texas east of Zipcode 78221?,yes
Is Zipcode 07081 adjacent to and east of Zipcode 07092?,no
Is Zipcode 44825 adjacent to and south of Zipcode 44818?,no
Is Zipcode 16148 adjacent to and southwest of Zipcode 16150?,no
Is Zipcode 20794 adjacent to and southeast of Zipcode 21046?,yes
Is McCormick County South Carolina north of Warren County Georgia?,no
Is Zipcode 11238 adjacent to and southeast of Zipcode 11217?,no
Is Guthrie County Iowa adjacent to and east of Zipcode 50025?,yes
Is Zipcode 93117 adjacent to and southeast of Zipcode 93427?,yes
Is Zipcode 52739 adjacent to and southeast of Zipcode 52755?,yes
Is Ray County Missouri southeast of Zipcode 64493?,yes
Is Zipcode 49618 adjacent to and northwest of Zipcode 49601?,yes
Is Zipcode 48416 adjacent to and southwest of Zipcode 48466?,no
Is Zipcode 49097 adjacent to and south of Zipcode 49002?,no
Is Mason County Washington adjacent to and west of Zipcode 98506?,no
Is Zipcode 08520 adjacent to and southeast of Zipcode 08561?,no
Is Essex County Massachusetts southeast of Zipcode 01879?,no
Is Zipcode 05441 adjacent to and north of Zipcode 05492?,yes
Is Zipcode 56554 adjacent to and southeast of Zipcode 56585?,yes
Is Zipcode 06777 west of Zipcode 06793?,no
Is Zipcode 15019 adjacent to and north of Zipcode 15060?,no
Is Zipcode 63953 adjacent to and southwest of Zipcode 63954?,no
Is Zipcode 56114 adjacent to and north of Zipcode 56131?,yes
Is Aiken County South Carolina west of Zipcode 29135?,yes
Is Leavenworth County Kansas adjacent to and south of Zipcode 64098?,no
Is Zipcode 45850 southeast of Zipcode 45808?,yes
Is Comerío Municipio Puerto Rico adjacent to and east of Barranquitas Municipio Puerto Rico?,yes
Is Mitchell County Georgia east of Miller County Georgia?,yes
Is Zipcode 87056 adjacent to and southwest of Zipcode 87535?,no
Is Teton County Montana east of Zipcode 59639?,no
Is Zipcode 73838 adjacent to and north of Zipcode 73663?,yes
Is Zipcode 47551 west of Zipcode 40157?,no
Is Zipcode 93619 adjacent to and northeast of Zipcode 93730?,no
Is Zipcode 50003 southeast of Zipcode 50146?,no
Is Sedgwick County Colorado west of Keith County Nebraska?,no
Is Zipcode 53189 adjacent to and east of Zipcode 53183?,no
Is Zipcode 87830 southeast of Zipcode 85920?,no
Is Hampshire County Massachusetts adjacent to and north of Zipcode 01008?,no
Is Zipcode 19137 southeast of Zipcode 19120?,yes
Is Zipcode 78947 north of Zipcode 78602?,no
Is Powhatan County Virginia southwest of Zipcode 23059?,yes
Is Zipcode 40447 adjacent to and southeast of Zipcode 40456?,no
Is Monroe County Michigan east of Zipcode 49268?,yes
Is Zipcode 38554 southwest of Zipcode 38556?,yes
Is Zipcode 21075 adjacent to and southeast of Zipcode 21045?,no
Is Zipcode 51531 adjacent to and north of Zipcode 51577?,no
Is Zipcode 28604 northwest of Zipcode 28611?,yes
Is Zipcode 04625 adjacent to and south of Zipcode 04662?,no
Is Zipcode 10174 south of Zipcode 10169?,yes
Is The State of Texas adjacent to and west of Zipcode 71834?,yes
Is Zipcode 54956 adjacent to and west of Zipcode 54952?,yes
Is Zipcode 18428 adjacent to and west of Zipcode 18458?,yes
Is Grant County Minnesota adjacent to and northeast of Zipcode 56583?,no
Is The State of Louisiana southwest of Zipcode 39341?,yes
Is Cooke County Texas northeast of Zipcode 76230?,no
Is Cortland County New York southeast of Zipcode 13147?,no
Is Zipcode 16882 southwest of Zipcode 17747?,no
Is The State of Texas southwest of Zipcode 74340?,yes
Is Zipcode 41005 adjacent to and north of Zipcode 47038?,no
Is Zipcode 38471 adjacent to and west of Zipcode 38452?,yes
Is Zipcode 58031 adjacent to and southwest of Zipcode 58052?,no
Is Zipcode 50680 adjacent to and southwest of Zipcode 50665?,yes
Is Zipcode 65632 adjacent to and northeast of Zipcode 65644?,no
Is Zipcode 73501 southeast of Zipcode 73538?,no
Is Schuylkill County Pennsylvania adjacent to and southwest of Zipcode 18250?,no
Is Zipcode 07863 adjacent to and east of Zipcode 07882?,no
Is Zipcode 54646 southeast of Zipcode 54666?,no
Is Union County Arkansas adjacent to and northeast of Zipcode 71740?,no
Is Zipcode 90404 adjacent to and northeast of Zipcode 90401?,yes
Is Corozal Municipio Puerto Rico adjacent to and north of Orocovis Municipio Puerto Rico?,no
Is Zipcode 72021 north of Zipcode 72041?,no
Is Zipcode 75009 adjacent to and southeast of Zipcode 76227?,no
Is Zipcode 74873 adjacent to and north of Zipcode 74852?,yes
Is Turner County South Dakota west of Zipcode 57105?,no
Is Zipcode 36509 adjacent to and west of Zipcode 36582?,no
Is Zipcode 58421 adjacent to and northwest of Zipcode 58443?,no
Is Zipcode 55407 adjacent to and southeast of Zipcode 55404?,no
Is Sevier County Arkansas north of Zipcode 71865?,yes
Is Zipcode 76501 adjacent to and north of Zipcode 76554?,no
Is Zipcode 59057 adjacent to and west of Zipcode 59106?,yes
Is Hudson County New Jersey west of Zipcode 11365?,yes
Is Twin Falls County Idaho southwest of Zipcode 83347?,yes
Is Zipcode 06120 north of Zipcode 06106?,no
Is Zipcode 19133 adjacent to and west of Zipcode 19125?,no
Is Zipcode 37880 adjacent to and south of Zipcode 37763?,no
Is Zipcode 45732 adjacent to and northwest of Zipcode 43787?,no
Is Liberty County Georgia north of Zipcode 31304?,yes
Is Zipcode 33131 southeast of Zipcode 33135?,no
Is Zipcode 54162 southeast of Zipcode 54166?,no
Is Kaufman County Texas west of Zipcode 75752?,no
Is Zipcode 08844 adjacent to and north of Zipcode 08540?,yes
Is Zipcode 24558 adjacent to and north of Zipcode 24598?,no
Is Zipcode 40052 adjacent to and northwest of Zipcode 40060?,yes
Is Zipcode 74056 west of Zipcode 74029?,yes
Is Zipcode 10170 northeast of Zipcode 10199?,no
Is Zipcode 82939 adjacent to and southeast of Zipcode 82933?,yes
Is Saint Louis County Missouri southeast of Zipcode 63369?,yes
Is Zipcode 50541 adjacent to and southwest of Zipcode 50548?,no
Is Zipcode 14445 adjacent to and southwest of Zipcode 14526?,yes
Is Zipcode 15856 adjacent to and west of Zipcode 15849?,no
Is Zipcode 60647 adjacent to and southeast of Zipcode 60641?,yes
Is Zipcode 96094 adjacent to and southeast of Zipcode 96034?,no
Is Zipcode 54767 adjacent to and northwest of Zipcode 54740?,yes
Is Zipcode 60550 east of Zipcode 60553?,yes
Is Zipcode 45121 southeast of Zipcode 45176?,yes
Is Zipcode 99743 adjacent to and west of Zipcode 99760?,yes
Is Zipcode 40823 west of Zipcode 24265?,no
Is Newport County Rhode Island west of Dukes County Massachusetts?,yes
Is Zipcode 98387 southwest of Zipcode 98373?,yes
Is Zipcode 05362 adjacent to and north of Zipcode 05301?,yes
Is Zipcode 43968 northwest of Zipcode 26047?,yes
Is Zipcode 17322 adjacent to and northwest of Zipcode 17352?,no
Is Gwinnett County Georgia southeast of Zipcode 30040?,yes
Is Zipcode 66409 southwest of Zipcode 66049?,no
Is Zipcode 68743 adjacent to and north of Zipcode 68741?,yes
Is Zipcode 12009 south of Zipcode 12304?,no
Is Warren County Pennsylvania adjacent to and west of The State of New York?,yes
Is Zipcode 95470 adjacent to and east of Zipcode 95490?,no
Is Zipcode 07661 adjacent to and southeast of Zipcode 07652?,yes
Is Jefferson Davis Parish Louisiana adjacent to and northwest of Zipcode 70542?,yes
Is Knox County Kentucky northeast of McCreary County Kentucky?,no
Is Zipcode 59078 adjacent to and east of Zipcode 59055?,no
Is Zipcode 41619 northeast of Zipcode 41630?,no
Is Zipcode 59230 adjacent to and west of Zipcode 59248?,yes
Is Virginia Beach city Virginia east of Zipcode 23433?,yes
Is Zipcode 00820 adjacent to and east of Zipcode 00850?,yes
Is Zipcode 12589 adjacent to and west of Zipcode 12550?,no
Is Zipcode 16914 northwest of Zipcode 18848?,no
Is Lake County Oregon southeast of Zipcode 97624?,no
Is Shackelford County Texas east of Zipcode 79525?,yes
Is Zipcode 56248 adjacent to and southeast of Zipcode 56274?,yes
Is Zipcode 36750 southeast of Zipcode 35042?,yes
Is Zipcode 63052 north of Zipcode 63050?,no
Is The State of Delaware south of Zipcode 08026?,no
Is Zipcode 75143 northeast of Zipcode 75155?,yes
Is The State of Utah adjacent to and north of Zipcode 86054?,yes
Is Zipcode 92311 adjacent to and northwest of Zipcode 92327?,yes
Is Fentress County Tennessee adjacent to and north of Cumberland County Tennessee?,yes
Is Zipcode 62218 adjacent to and east of Zipcode 62230?,no
Is Randolph County Georgia adjacent to and north of Zipcode 39846?,yes
Is Zipcode 66943 adjacent to and south of Zipcode 66968?,no
Is Putnam County New York northwest of Zipcode 06883?,yes
Is Horry County South Carolina adjacent to and south of Marion County South Carolina?,no
Is Cumberland County Virginia adjacent to and southwest of Zipcode 23063?,yes
Is Bergen County New Jersey adjacent to and east of Zipcode 07014?,no
Is Zipcode 65730 adjacent to and east of Zipcode 64831?,yes
Is Zipcode 73068 adjacent to and northeast of Zipcode 73072?,no
Is Zipcode 25446 east of Zipcode 22624?,yes
Is Zipcode 93201 adjacent to and northwest of Zipcode 93219?,no
Is Zipcode 39401 south of Zipcode 39437?,yes
Is Zipcode 13795 south of Zipcode 13901?,no
Is Zipcode 24250 adjacent to and southwest of Zipcode 24245?,yes
Is Zipcode 74135 adjacent to and southwest of Zipcode 74129?,yes
Is Zipcode 33872 adjacent to and northwest of Zipcode 33875?,no
Is Zipcode 11530 adjacent to and northwest of Zipcode 11553?,yes
Is Zipcode 65589 adjacent to and east of Zipcode 65483?,no
Is The State of South Carolina southwest of Zipcode 28356?,yes
Is Clark County Illinois adjacent to and northwest of Zipcode 47861?,yes
Is Louisa County Virginia northwest of Zipcode 23103?,yes
Is Zipcode 30046 west of Zipcode 30017?,no
Is Zipcode 61088 adjacent to and south of Zipcode 61101?,no
Is Zipcode 68947 northwest of Zipcode 68972?,yes
Is Zipcode 92201 east of Zipcode 92241?,no
Is Zipcode 95223 east of Zipcode 95255?,yes
Is Geary County Kansas southeast of Zipcode 66531?,no
Is Richland County South Carolina east of Zipcode 29126?,no
Is Calhoun County West Virginia adjacent to and northwest of Zipcode 26351?,no
Is Zipcode 97015 adjacent to and southeast of Zipcode 97267?,no
Is Adams County Colorado east of Zipcode 80621?,no
Is The State of Virginia east of Zipcode 25021?,yes
Is Zipcode 63436 adjacent to and southwest of Zipcode 63441?,no
Is Zipcode 36330 adjacent to and southwest of Zipcode 36362?,no
Is Zipcode 92243 adjacent to and southeast of Zipcode 92251?,yes
Is Zipcode 83812 southeast of Zipcode 83861?,yes
Is Zipcode 84758 east of Zipcode 84779?,yes
Is Broward County Florida south of Zipcode 33431?,no
Is The State of Tennessee adjacent to and southwest of Zipcode 42717?,yes
Is Zipcode 75007 west of Zipcode 75001?,no
Is Zipcode 06415 adjacent to and southeast of Zipcode 06424?,no
Is Ada County Idaho east of Zipcode 83651?,yes
Is Zipcode 19064 southwest of Zipcode 19050?,no
Is Spencer County Kentucky south of Zipcode 40205?,no
Is Zipcode 50102 adjacent to and southeast of Zipcode 50230?,yes
Is Dorchester County Maryland south of Zipcode 21654?,yes
Is Zipcode 12972 southeast of Zipcode 12981?,no
Is Alleghany County Virginia west of Zipcode 24574?,yes
Is Zipcode 06850 adjacent to and east of Zipcode 06820?,no
Is Covington County Alabama adjacent to and south of Zipcode 36009?,no
Is Zipcode 74561 adjacent to and east of Zipcode 74432?,no
Is Zipcode 38944 adjacent to and west of Zipcode 38928?,no
Is Benton County Arkansas adjacent to and northeast of Zipcode 72704?,no
Is Zipcode 54950 adjacent to and north of Zipcode 54962?,no
Is Ashland County Ohio adjacent to and southeast of Lorain County Ohio?,no
Is Zipcode 28615 adjacent to and southwest of Zipcode 24292?,yes
Is Wayne County West Virginia south of Greenup County Kentucky?,no
Is Zipcode 01029 adjacent to and southeast of Zipcode 01253?,no
Is Zipcode 85328 adjacent to and west of Zipcode 85365?,yes
Is The State of Minnesota northeast of Zipcode 57018?,yes
Is Zipcode 35460 adjacent to and west of Zipcode 35443?,yes
Is Shelby County Indiana west of Zipcode 46146?,yes
Is Zipcode 34669 adjacent to and northeast of Zipcode 34654?,no
Is Zipcode 91405 adjacent to and northwest of Zipcode 91605?,no
Is Zipcode 36312 adjacent to and south of Zipcode 36376?,yes
Is Zipcode 04285 south of Zipcode 04983?,no
Is Zipcode 59028 adjacent to and east of Zipcode 59020?,no
Is Zipcode 37914 adjacent to and west of Zipcode 37865?,no
Is Rabun County Georgia adjacent to and east of Clay County North Carolina?,no
Is Kandiyohi County Minnesota east of Zipcode 56334?,no
Is Zipcode 73933 adjacent to and northwest of Zipcode 79084?,yes
Is Zipcode 46985 adjacent to and northeast of Zipcode 47926?,no
Is Zipcode 31833 adjacent to and northeast of Zipcode 36863?,no
Is Zipcode 84312 adjacent to and southwest of Zipcode 84334?,yes
Is Zipcode 78215 adjacent to and south of Zipcode 78209?,no
Is The State of Virginia southwest of Zipcode 21915?,yes
Is Zipcode 33326 adjacent to and east of Zipcode 33327?,yes
Is Zipcode 57266 west of Zipcode 57269?,yes
Is Pecos County Texas adjacent to and southeast of Ward County Texas?,yes
Is Zipcode 95567 southwest of Zipcode 95543?,no
Is Zipcode 58731 adjacent to and northwest of Zipcode 58768?,no
Is Zipcode 66554 adjacent to and southwest of Zipcode 66411?,yes
Is Zipcode 16506 adjacent to and south of Zipcode 16505?,yes
Is Zipcode 40071 northwest of Zipcode 40012?,yes
Is Westchester County New York east of Zipcode 10993?,yes
Is Zipcode 27891 adjacent to and east of Zipcode 27856?,yes
Is Zipcode 15729 adjacent to and northeast of Zipcode 15728?,yes
Is Jackson County Illinois adjacent to and north of Union County Illinois?,yes
Is Zipcode 15864 adjacent to and south of Zipcode 15825?,no
Is Zipcode 07078 adjacent to and northeast of Zipcode 07081?,no
Is Zipcode 21078 northeast of Zipcode 21130?,yes
Is Latimer County Oklahoma northwest of Zipcode 74957?,yes
Is Rappahannock County Virginia west of Zipcode 20169?,yes
Is Zipcode 11553 adjacent to and north of Zipcode 11575?,yes
Is Zipcode 38450 adjacent to and north of Zipcode 38471?,no
Is Zipcode 38804 south of Zipcode 38849?,yes
Is Zipcode 60538 adjacent to and west of Zipcode 60504?,yes
Is Meigs County Ohio adjacent to and northwest of Zipcode 25265?,yes
Is Zipcode 97358 west of Zipcode 97342?,yes
Is Zipcode 25059 adjacent to and north of Zipcode 25085?,yes
Is Zipcode 33166 adjacent to and southwest of Zipcode 33142?,no
Is Zipcode 77459 adjacent to and east of Zipcode 77478?,no
Is Zipcode 47240 adjacent to and southeast of Zipcode 46173?,no
Is Zipcode 57224 adjacent to and southwest of Zipcode 57255?,no
Is Waldo County Maine west of Zipcode 04676?,yes
Is Zipcode 10026 adjacent to and east of Zipcode 10025?,yes
Is Zipcode 19506 west of Zipcode 19605?,yes
Is Zipcode 49240 adjacent to and southeast of Zipcode 49259?,yes
Is Zipcode 29437 south of Zipcode 29059?,yes
Is Zipcode 04989 adjacent to and southwest of Zipcode 04901?,yes
Is Zipcode 37172 adjacent to and west of Zipcode 37049?,yes
Is Zipcode 62411 adjacent to and west of Zipcode 62461?,no
Is Hood County Texas adjacent to and west of Zipcode 76077?,no
Is Zipcode 29129 adjacent to and northeast of Zipcode 29801?,no
Is The State of Wisconsin adjacent to and southwest of Zipcode 49935?,yes
Is Zipcode 54174 adjacent to and south of Zipcode 54491?,no
Is Zipcode 78725 adjacent to and northeast of Zipcode 78742?,no
Is Zipcode 03601 adjacent to and west of Zipcode 03605?,yes
Is Zipcode 08110 northwest of Zipcode 08002?,yes
Is Zipcode 79363 adjacent to and north of Zipcode 79407?,yes
Is Guaynabo Municipio Puerto Rico adjacent to and southwest of Zipcode 00920?,no
Is Middlesex County New Jersey southeast of Zipcode 08876?,yes
Is Zipcode 45889 adjacent to and southeast of Zipcode 45858?,no
Is Zipcode 35049 adjacent to and west of Zipcode 35121?,yes
Is Zipcode 56296 adjacent to and east of Zipcode 57260?,yes
Is Zipcode 15658 northwest of Zipcode 15547?,yes
Is Zipcode 34234 adjacent to and north of Zipcode 34236?,yes
Is Las Piedras Municipio Puerto Rico adjacent to and northwest of Zipcode 00718?,no
Is Union County New Jersey adjacent to and north of Zipcode 08854?,no
Is Zipcode 37419 northwest of Zipcode 30750?,no
Is Richland County Ohio northeast of Zipcode 43321?,yes
Is Zipcode 65020 southeast of Zipcode 65324?,yes
Is Zipcode 93726 adjacent to and west of Zipcode 93612?,no
Is Montgomery County Ohio south of Zipcode 45346?,no
Is Calhoun County Florida adjacent to and north of Zipcode 32465?,yes
Is The State of North Carolina northeast of Zipcode 29212?,yes
Is Zipcode 48002 adjacent to and southeast of Zipcode 48003?,no
Is Zipcode 63115 adjacent to and northwest of Zipcode 63107?,yes
Is Zipcode 39213 north of Zipcode 39208?,no
Is Zipcode 73047 adjacent to and southwest of Zipcode 73040?,no
Is New York County New York east of Zipcode 07009?,yes
Is Graham County Arizona adjacent to and southeast of Zipcode 85941?,no
Is George County Mississippi adjacent to and south of The State of Alabama?,no
Is Zipcode 27013 adjacent to and east of Zipcode 28677?,yes
Is Zipcode 35035 west of Zipcode 35187?,no
Is Perry County Kentucky northeast of Zipcode 40828?,no
Is Zipcode 98321 adjacent to and northwest of Zipcode 98396?,yes
Is Zipcode 48841 adjacent to and southeast of Zipcode 48831?,no
Is Mitchell County North Carolina southwest of Zipcode 28622?,yes
Is Saint Louis County Minnesota southeast of Zipcode 55716?,no
Is Johnson County Kentucky southeast of Rowan County Kentucky?,yes
Is Zipcode 66775 adjacent to and northeast of Zipcode 66733?,yes
Is Zipcode 63120 northwest of Zipcode 63113?,yes
Is Zipcode 11530 adjacent to and northeast of Zipcode 11010?,yes
Is Zipcode 47909 southeast of Zipcode 47904?,no
Is Newport News city Virginia north of Zipcode 23518?,no
Is Zipcode 55071 adjacent to and southeast of Zipcode 55076?,no
Is Zipcode 38644 adjacent to and north of Zipcode 38617?,yes
Is Zipcode 51033 adjacent to and northeast of Zipcode 51002?,no
Is Zipcode 71655 south of Zipcode 71639?,no
Is Zipcode 33125 adjacent to and east of Zipcode 33122?,yes
Is Washington County Florida adjacent to and southeast of Zipcode 32464?,yes
Is Zipcode 79908 adjacent to and east of Zipcode 79904?,yes
Is Perry County Tennessee adjacent to and southwest of Zipcode 37140?,yes
Is Gray County Kansas northeast of Zipcode 67877?,yes
Is Zipcode 68070 adjacent to and southeast of Zipcode 68014?,yes
Is Lucas County Ohio adjacent to and southeast of Monroe County Michigan?,no
Is Zipcode 83549 west of Zipcode 83525?,no
Is Zipcode 65570 adjacent to and south of Zipcode 65557?,yes
Is Midland County Michigan north of Zipcode 48801?,no
Is Zipcode 84086 east of Zipcode 84317?,no
Is Jefferson County Georgia northeast of Hancock County Georgia?,no
Is Zipcode 75206 north of Zipcode 75207?,no
Is McLean County Kentucky northeast of Zipcode 42409?,no
Is Zipcode 61938 adjacent to and northeast of Zipcode 61928?,no
Is Marion County Kentucky southeast of Zipcode 42716?,no
Is Montgomery County Texas adjacent to and north of Zipcode 77377?,no
Is The State of Connecticut adjacent to and northeast of Zipcode 10573?,yes
Is Zipcode 61865 adjacent to and northeast of Zipcode 61812?,yes
Is Zipcode 80459 adjacent to and north of Zipcode 80423?,no
Is Zipcode 99729 adjacent to and northeast of Zipcode 99693?,no
Is San Juan Municipio Puerto Rico west of Zipcode 00745?,yes
Is Zipcode 56751 west of Zipcode 56673?,yes
Is Zipcode 10566 west of Zipcode 10517?,yes
Is Jackson County Indiana northeast of Orange County Indiana?,yes
Is Zipcode 25882 southeast of Zipcode 24870?,yes
Is Zipcode 65270 adjacent to and northeast of Zipcode 65259?,no
Is Zipcode 14129 northwest of Zipcode 14034?,no
Is Boone County Illinois adjacent to and northeast of Zipcode 61108?,no
Is Zipcode 59446 adjacent to and north of Zipcode 59430?,no
Is Zipcode 36032 adjacent to and east of Zipcode 36761?,yes
Is Zipcode 37709 south of Zipcode 37807?,no
Is Zipcode 62334 adjacent to and southeast of Zipcode 62341?,yes
Is Zipcode 44805 east of Zipcode 44907?,no
Is Zipcode 80212 adjacent to and south of Zipcode 80221?,no
Is Zipcode 64124 southeast of Zipcode 64116?,yes
Is Zipcode 12037 adjacent to and northwest of Zipcode 12017?,no
Is Zipcode 07751 west of Zipcode 07722?,no
Is Zipcode 67579 south of Zipcode 67491?,no
Is Zipcode 56228 adjacent to and southeast of Zipcode 56243?,no
Is Montgomery County North Carolina adjacent to and east of Stanly County North Carolina?,yes
Is Zipcode 62462 adjacent to and northeast of Zipcode 62401?,yes
Is Washington County Oregon northwest of Zipcode 97208?,no
Is Zipcode 44890 adjacent to and east of Zipcode 44807?,yes
Is Zipcode 54538 adjacent to and southwest of Zipcode 54512?,yes
Is Zipcode 95571 adjacent to and south of Zipcode 95569?,no
Is Clark County Indiana northwest of Zipcode 41008?,no
Is Zipcode 45694 adjacent to and south of Zipcode 45653?,yes
Is Zipcode 36567 adjacent to and northwest of Zipcode 36574?,yes
Is The State of Oklahoma west of Zipcode 75550?,no
Is Washtenaw County Michigan northeast of Zipcode 49202?,no
Is Zipcode 78833 adjacent to and southwest of Zipcode 78058?,yes
Is Bryan County Georgia adjacent to and northeast of Zipcode 31309?,no
Is Kalamazoo County Michigan adjacent to and southeast of Allegan County Michigan?,yes
Is Zipcode 34484 adjacent to and northwest of Zipcode 34785?,yes
Is Zipcode 33762 adjacent to and northwest of Zipcode 33716?,yes
Is Zipcode 10604 adjacent to and south of Zipcode 10504?,no
Is Zipcode 85927 northwest of Zipcode 85920?,yes
Is Zipcode 67510 adjacent to and southwest of Zipcode 67561?,yes
Is Lincoln County Washington adjacent to and west of Whitman County Washington?,no
Is Zipcode 43614 adjacent to and west of Zipcode 43609?,no
Is Zipcode 28152 adjacent to and northeast of Zipcode 29341?,yes
Is Zipcode 95041 west of Zipcode 95066?,yes
Is The State of Kentucky southeast of Zipcode 47546?,yes
Is Kay County Oklahoma northeast of Zipcode 73701?,yes
Is Zipcode 65054 southwest of Zipcode 65024?,yes
